{"cameraMode":{"drawMode":0,"name":"Shaded","section":"Shading Mode"},"sceneLighting":true,"audioPlay":false,"sceneViewState":{"m_AlwaysRefresh":false,"showFog":true,"showSkybox":true,"showFlares":true,"showImageEffects":true,"showParticleSystems":true,"showVisualEffectGraphs":true,"m_FxEnabled":true},"in2DMode":false,"pivot":{"x":2.1076836585998537,"y":4.501002311706543,"z":-9.444385528564454},"rotation":{"x":-0.06066733971238136,"y":-0.3495849370956421,"z":0.022675378248095514,"w":-0.9346885681152344},"size":0.7794228196144104,"orthographic":false}